{
  "effect_size_on_grid_pct": 96.2015,
  "on_grid_ci_pct": [
    96.191,
    96.212
  ],
  "n_valid_attempts": 13397702,
  "kg_lattice_kept_frac": 0.9792,
  "n_kg_lattice": 13118600,
  "k_on_grid": 12888786,
  "pi_hat": 0.9781,
  "p_hat_on_grid": 0.9825,
  "glrt_2lnLambda": 39275413.502462484,
  "bootstrap_pvalue": 0.0003332222592469177,
  "bootstrap_null_mass_at_0": 0.512,
  "cutoff_naive_chi2_1_95": 3.841,
  "cutoff_mixture_theory_95": 2.706,
  "cutoff_bootstrap_95": 2.593,
  "gof_chi2": 50202800.850475654,
  "gof_df": 4,
  "lb_robustness": {
    "off_lattice_frac": 0.020832080008944816,
    "off_lattice_n": 279102,
    "round_lb_share_of_off": 0.8249349700109637
  }
}