{
  "n_rows_men_ipf": 1186976,
  "n_per_lifter": 335164,
  "effect_sizes": {
    "59": {
      "below": 8262,
      "above": 3074,
      "log_ratio": 0.989,
      "ci_half": 0.041,
      "ratio": 2.69,
      "is_limit": true
    },
    "66": {
      "below": 13303,
      "above": 4105,
      "log_ratio": 1.176,
      "ci_half": 0.035,
      "ratio": 3.24,
      "is_limit": true
    },
    "74": {
      "below": 21516,
      "above": 7946,
      "log_ratio": 0.996,
      "ci_half": 0.026,
      "ratio": 2.71,
      "is_limit": true
    },
    "83": {
      "below": 17538,
      "above": 2564,
      "log_ratio": 1.923,
      "ci_half": 0.041,
      "ratio": 6.84,
      "is_limit": true
    },
    "93": {
      "below": 14161,
      "above": 2711,
      "log_ratio": 1.653,
      "ci_half": 0.041,
      "ratio": 5.22,
      "is_limit": true
    },
    "105": {
      "below": 7948,
      "above": 2459,
      "log_ratio": 1.173,
      "ci_half": 0.045,
      "ratio": 3.23,
      "is_limit": true
    },
    "120": {
      "below": 3368,
      "above": 1611,
      "log_ratio": 0.737,
      "ci_half": 0.059,
      "ratio": 2.09,
      "is_limit": true
    },
    "91": {
      "below": 10516,
      "above": 12934,
      "log_ratio": -0.207,
      "ci_half": 0.026,
      "ratio": 0.81,
      "is_limit": false
    },
    "83_pure_kg": {
      "log_ratio": 1.822,
      "ci_half": 0.086,
      "ratio": 6.18,
      "n_per_lifter": 212295
    }
  },
  "formal_mccrary": {
    "59": {
      "t": -7.347627293163341,
      "p": 2.0183854587685346e-13,
      "f_left": 0.052497481980116126,
      "f_right": 0.01209154086624797,
      "f_diff": -0.04040594111386815,
      "n_window": 55989,
      "kind": "limit"
    },
    "66": {
      "t": -11.936303379722322,
      "p": 0.0,
      "f_left": 0.06989811808312267,
      "f_right": 0.012439577372430233,
      "f_diff": -0.05745854071069244,
      "n_window": 78150,
      "kind": "limit"
    },
    "74": {
      "t": -12.357476795832534,
      "p": 0.0,
      "f_left": 0.06639180948834235,
      "f_right": 0.020552472092774676,
      "f_diff": -0.04583933739556767,
      "n_window": 108265,
      "kind": "limit"
    },
    "83": {
      "t": -9.244595369418674,
      "p": 0.0,
      "f_left": 0.036708921245707696,
      "f_right": 0.01041833109658625,
      "f_diff": -0.026290590149121447,
      "n_window": 128131,
      "kind": "limit"
    },
    "93": {
      "t": -12.804421154715099,
      "p": 0.0,
      "f_left": 0.043293957779589526,
      "f_right": 0.011285506531032129,
      "f_diff": -0.0320084512485574,
      "n_window": 120152,
      "kind": "limit"
    },
    "105": {
      "t": -7.7063213920685625,
      "p": 1.2878587085651816e-14,
      "f_left": 0.03313939570744175,
      "f_right": 0.014720486499802158,
      "f_diff": -0.018418909207639597,
      "n_window": 75792,
      "kind": "limit"
    },
    "120": {
      "t": -4.280168699357714,
      "p": 1.8675169924042834e-05,
      "f_left": 0.04297647512405671,
      "f_right": 0.025892792641355713,
      "f_diff": -0.017083682482700997,
      "n_window": 25453,
      "kind": "limit"
    },
    "91": {
      "t": 0.5784734549941036,
      "p": 0.5629445139816309,
      "f_left": 0.05305654439370008,
      "f_right": 0.05533604073976078,
      "f_diff": 0.0022794963460607068,
      "n_window": 121669,
      "kind": "control"
    },
    "70": {
      "t": 1.347438590090488,
      "p": 0.17783901903322796,
      "f_left": 0.014481373395158975,
      "f_right": 0.018590565451033287,
      "f_diff": 0.0041091920558743115,
      "n_window": 101754,
      "kind": "placebo"
    },
    "88": {
      "t": 4.0146679915353145,
      "p": 5.952953158838703e-05,
      "f_left": 0.014237541572907245,
      "f_right": 0.028758037515577504,
      "f_diff": 0.01452049594267026,
      "n_window": 125815,
      "kind": "placebo"
    },
    "99": {
      "t": 1.5233562248999704,
      "p": 0.12766960758160284,
      "f_left": 0.024239884080904255,
      "f_right": 0.030360035052221377,
      "f_diff": 0.006120150971317122,
      "n_window": 88305,
      "kind": "placebo"
    },
    "112": {
      "t": 0.6726113600532275,
      "p": 0.5011945726362987,
      "f_left": 0.01443968128210311,
      "f_right": 0.016760472680969307,
      "f_diff": 0.002320791398866198,
      "n_window": 50056,
      "kind": "placebo"
    }
  },
  "multiple_testing": {
    "limits": [
      59,
      66,
      74,
      83,
      93,
      105,
      120
    ],
    "p_raw": [
      2.0183854587685346e-13,
      0.0,
      0.0,
      0.0,
      0.0,
      1.2878587085651816e-14,
      1.8675169924042834e-05
    ],
    "p_holm": [
      4.036770917537069e-13,
      0.0,
      0.0,
      0.0,
      0.0,
      3.863576125695545e-14,
      1.8675169924042834e-05
    ],
    "reject_holm": [
      true,
      true,
      true,
      true,
      true,
      true,
      true
    ],
    "p_bh": [
      2.354783035229957e-13,
      0.0,
      0.0,
      0.0,
      0.0,
      1.8030021919912543e-14,
      1.8675169924042834e-05
    ],
    "reject_bh": [
      true,
      true,
      true,
      true,
      true,
      true,
      true
    ]
  },
  "spike_width": {
    "83": {
      "n_within_2kg_below": 84980,
      "share_in_innermost_0.5kg": 0.206
    },
    "91": {
      "n_within_2kg_below": 43144,
      "share_in_innermost_0.5kg": 0.244
    }
  },
  "subgroups_at_83": {
    "tested": {
      "log_ratio": 1.931,
      "ratio": 6.9,
      "n": 1050358
    },
    "untested": {
      "log_ratio": -0.302,
      "ratio": 0.74,
      "n": 124743
    },
    "raw": {
      "log_ratio": 2.137,
      "ratio": 8.47,
      "n": 633570
    },
    "equipped": {
      "log_ratio": 1.51,
      "ratio": 4.53,
      "n": 541531
    }
  }
}