{
  "n_rows_men_ipf": 1186976,
  "n_per_lifter": 335164,
  "effect_sizes": {
    "59": {
      "below": 8262,
      "above": 3074,
      "log_ratio": 0.989,
      "ci_half": 0.041,
      "ratio": 2.69,
      "is_limit": true
    },
    "66": {
      "below": 13303,
      "above": 4105,
      "log_ratio": 1.176,
      "ci_half": 0.035,
      "ratio": 3.24,
      "is_limit": true
    },
    "74": {
      "below": 21516,
      "above": 7946,
      "log_ratio": 0.996,
      "ci_half": 0.026,
      "ratio": 2.71,
      "is_limit": true
    },
    "83": {
      "below": 17538,
      "above": 2564,
      "log_ratio": 1.923,
      "ci_half": 0.041,
      "ratio": 6.84,
      "is_limit": true
    },
    "93": {
      "below": 14161,
      "above": 2711,
      "log_ratio": 1.653,
      "ci_half": 0.041,
      "ratio": 5.22,
      "is_limit": true
    },
    "105": {
      "below": 7948,
      "above": 2459,
      "log_ratio": 1.173,
      "ci_half": 0.045,
      "ratio": 3.23,
      "is_limit": true
    },
    "120": {
      "below": 3368,
      "above": 1611,
      "log_ratio": 0.737,
      "ci_half": 0.059,
      "ratio": 2.09,
      "is_limit": true
    },
    "91": {
      "below": 10516,
      "above": 12934,
      "log_ratio": -0.207,
      "ci_half": 0.026,
      "ratio": 0.81,
      "is_limit": false
    }
  },
  "formal_mccrary": {
    "59": {
      "t": -5.440060857856907,
      "p": 5.326237362268671e-08,
      "f_left": 0.043756526528243536,
      "f_right": 0.020263321719910955,
      "f_diff": -0.02349320480833258,
      "n_window": 89144,
      "kind": "limit"
    },
    "66": {
      "t": -8.215682210428623,
      "p": 2.220446049250313e-16,
      "f_left": 0.04671833790473176,
      "f_right": 0.015200687522487679,
      "f_diff": -0.03151765038224408,
      "n_window": 128167,
      "kind": "limit"
    },
    "74": {
      "t": -7.617119749153523,
      "p": 2.5979218776228663e-14,
      "f_left": 0.04702564214747999,
      "f_right": 0.022880423519816527,
      "f_diff": -0.024145218627663466,
      "n_window": 169860,
      "kind": "limit"
    },
    "83": {
      "t": -3.664720308443436,
      "p": 0.00024760902329190593,
      "f_left": 0.0187335312057728,
      "f_right": 0.008500401403610277,
      "f_diff": -0.010233129802162523,
      "n_window": 188483,
      "kind": "limit"
    },
    "93": {
      "t": -5.711708921093379,
      "p": 1.1184727588542387e-08,
      "f_left": 0.02369156515449397,
      "f_right": 0.0086966762861372,
      "f_diff": -0.014994888868356772,
      "n_window": 176727,
      "kind": "limit"
    },
    "105": {
      "t": -3.936579391539376,
      "p": 8.265128487949802e-05,
      "f_left": 0.026397022276995745,
      "f_right": 0.014211736318819695,
      "f_diff": -0.01218528595817605,
      "n_window": 106910,
      "kind": "limit"
    },
    "120": {
      "t": -0.47034324782104386,
      "p": 0.6381098037211905,
      "f_left": 0.02710024479780921,
      "f_right": 0.024981702794187106,
      "f_diff": -0.0021185420036221037,
      "n_window": 44255,
      "kind": "limit"
    },
    "91": {
      "t": 2.017269676513928,
      "p": 0.04366737828653,
      "f_left": 0.034162794984041185,
      "f_right": 0.0402960426799886,
      "f_diff": 0.006133247695947412,
      "n_window": 178146,
      "kind": "control"
    },
    "88": {
      "t": 5.589413692822429,
      "p": 2.2783757103184143e-08,
      "f_left": 0.007840499530490905,
      "f_right": 0.02340849030535267,
      "f_diff": 0.015567990774861765,
      "n_window": 196032,
      "kind": "placebo"
    },
    "98": {
      "t": 0.49826941447113593,
      "p": 0.6182941625197,
      "f_left": 0.022441613546757094,
      "f_right": 0.02378573598669036,
      "f_diff": 0.0013441224399332666,
      "n_window": 136255,
      "kind": "placebo"
    },
    "110": {
      "t": -5.114225543319998,
      "p": 3.150307654742335e-07,
      "f_left": 0.025528441037188255,
      "f_right": 0.014206234256479969,
      "f_diff": -0.011322206780708286,
      "n_window": 82838,
      "kind": "placebo"
    }
  },
  "multiple_testing": {
    "limits": [
      59,
      66,
      74,
      83,
      93,
      105,
      120
    ],
    "p_raw": [
      5.326237362268671e-08,
      2.220446049250313e-16,
      2.5979218776228663e-14,
      0.00024760902329190593,
      1.1184727588542387e-08,
      8.265128487949802e-05,
      0.6381098037211905
    ],
    "p_holm": [
      2.1304949449074684e-07,
      1.5543122344752192e-15,
      1.5587531265737198e-13,
      0.0004952180465838119,
      5.5923637942711935e-08,
      0.00024795385463849406,
      0.6381098037211905
    ],
    "reject_holm": [
      true,
      true,
      true,
      true,
      true,
      true,
      false
    ],
    "p_bh": [
      9.320915383970174e-08,
      1.5543122344752192e-15,
      9.092726571680032e-14,
      0.00028887719384055693,
      2.6097697706598904e-08,
      0.00011571179883129723,
      0.6381098037211905
    ],
    "reject_bh": [
      true,
      true,
      true,
      true,
      true,
      true,
      false
    ]
  },
  "spike_width": {
    "83": {
      "n_within_2kg_below": 84980,
      "share_in_innermost_0.5kg": 0.206
    },
    "91": {
      "n_within_2kg_below": 43144,
      "share_in_innermost_0.5kg": 0.244
    }
  },
  "subgroups_at_83": {
    "tested": {
      "log_ratio": 1.931,
      "ratio": 6.9,
      "n": 1050358
    },
    "untested": {
      "log_ratio": -0.302,
      "ratio": 0.74,
      "n": 124743
    },
    "raw": {
      "log_ratio": 2.137,
      "ratio": 8.47,
      "n": 633570
    },
    "equipped": {
      "log_ratio": 1.51,
      "ratio": 4.53,
      "n": 541531
    }
  }
}