{
  "n_rows_men_ipf": 1186976,
  "n_per_lifter": 335164,
  "effect_sizes": {
    "59": {
      "below": 8262,
      "above": 3074,
      "log_ratio": 0.989,
      "ci_half": 0.041,
      "ratio": 2.69,
      "is_limit": true
    },
    "66": {
      "below": 13303,
      "above": 4105,
      "log_ratio": 1.176,
      "ci_half": 0.035,
      "ratio": 3.24,
      "is_limit": true
    },
    "74": {
      "below": 21516,
      "above": 7946,
      "log_ratio": 0.996,
      "ci_half": 0.026,
      "ratio": 2.71,
      "is_limit": true
    },
    "83": {
      "below": 17538,
      "above": 2564,
      "log_ratio": 1.923,
      "ci_half": 0.041,
      "ratio": 6.84,
      "is_limit": true
    },
    "93": {
      "below": 14161,
      "above": 2711,
      "log_ratio": 1.653,
      "ci_half": 0.041,
      "ratio": 5.22,
      "is_limit": true
    },
    "105": {
      "below": 7948,
      "above": 2459,
      "log_ratio": 1.173,
      "ci_half": 0.045,
      "ratio": 3.23,
      "is_limit": true
    },
    "120": {
      "below": 3368,
      "above": 1611,
      "log_ratio": 0.737,
      "ci_half": 0.059,
      "ratio": 2.09,
      "is_limit": true
    },
    "91": {
      "below": 10516,
      "above": 12934,
      "log_ratio": -0.207,
      "ci_half": 0.026,
      "ratio": 0.81,
      "is_limit": false
    },
    "83_pure_kg": {
      "log_ratio": 1.753,
      "ci_half": 0.085,
      "ratio": 5.77,
      "n_per_lifter": 212295
    }
  },
  "formal_mccrary": {
    "59": {
      "t": -7.257878415178608,
      "p": 3.9324099532223045e-13,
      "f_left": 0.06599834323677536,
      "f_right": 0.017297850560037173,
      "f_diff": -0.04870049267673819,
      "n_window": 50110,
      "kind": "limit"
    },
    "66": {
      "t": -14.495470923372634,
      "p": 0.0,
      "f_left": 0.10800314866921,
      "f_right": 0.027287429880985096,
      "f_diff": -0.08071571878822491,
      "n_window": 69068,
      "kind": "limit"
    },
    "74": {
      "t": -14.476842423811677,
      "p": 0.0,
      "f_left": 0.10587243775639282,
      "f_right": 0.035205499993817946,
      "f_diff": -0.07066693776257488,
      "n_window": 93843,
      "kind": "limit"
    },
    "83": {
      "t": -11.157733460885606,
      "p": 0.0,
      "f_left": 0.051943985932345706,
      "f_right": 0.014202703621292098,
      "f_diff": -0.03774128231105361,
      "n_window": 108881,
      "kind": "limit"
    },
    "93": {
      "t": -9.830174686212546,
      "p": 0.0,
      "f_left": 0.04728162513122619,
      "f_right": 0.01645444924903902,
      "f_diff": -0.03082717588218717,
      "n_window": 99306,
      "kind": "limit"
    },
    "105": {
      "t": -7.110847920139384,
      "p": 1.1532996779806126e-12,
      "f_left": 0.04072733100899702,
      "f_right": 0.01814468364284117,
      "f_diff": -0.022582647366155846,
      "n_window": 60192,
      "kind": "limit"
    },
    "120": {
      "t": -4.052353928893797,
      "p": 5.0704881527918744e-05,
      "f_left": 0.04184038901303926,
      "f_right": 0.02432224994659341,
      "f_diff": -0.017518139066445854,
      "n_window": 19384,
      "kind": "limit"
    },
    "91": {
      "t": 3.009499344496334,
      "p": 0.0026167864343669134,
      "f_left": 0.08730190263629012,
      "f_right": 0.10335386379838567,
      "f_diff": 0.01605196116209555,
      "n_window": 100903,
      "kind": "control"
    },
    "70": {
      "t": 2.40919335069836,
      "p": 0.015987825349007334,
      "f_left": 0.0137859444106836,
      "f_right": 0.024009265735023752,
      "f_diff": 0.010223321324340152,
      "n_window": 88246,
      "kind": "placebo"
    },
    "88": {
      "t": 5.905508972928163,
      "p": 3.5155964805966278e-09,
      "f_left": 0.015659708387209738,
      "f_right": 0.04614969595944399,
      "f_diff": 0.03048998757223425,
      "n_window": 105538,
      "kind": "placebo"
    },
    "99": {
      "t": 6.637046670532679,
      "p": 3.200306686323984e-11,
      "f_left": 0.02012787715122722,
      "f_right": 0.05539921471110618,
      "f_diff": 0.03527133755987896,
      "n_window": 71539,
      "kind": "placebo"
    },
    "112": {
      "t": -0.8143815239193609,
      "p": 0.41542641974345385,
      "f_left": 0.02778029961492117,
      "f_right": 0.02410843770233672,
      "f_diff": -0.003671861912584451,
      "n_window": 38781,
      "kind": "placebo"
    }
  },
  "multiple_testing": {
    "limits": {
      "59": {
        "p_raw": 3.9324099532223045e-13,
        "p_holm": 1.1797229859666913e-12,
        "p_bh": 5.505373934511226e-13
      },
      "66": {
        "p_raw": 0.0,
        "p_holm": 0.0,
        "p_bh": 0.0
      },
      "74": {
        "p_raw": 0.0,
        "p_holm": 0.0,
        "p_bh": 0.0
      },
      "83": {
        "p_raw": 0.0,
        "p_holm": 0.0,
        "p_bh": 0.0
      },
      "93": {
        "p_raw": 0.0,
        "p_holm": 0.0,
        "p_bh": 0.0
      },
      "105": {
        "p_raw": 1.1532996779806126e-12,
        "p_holm": 2.3065993559612252e-12,
        "p_bh": 1.3455162909773815e-12
      },
      "120": {
        "p_raw": 5.0704881527918744e-05,
        "p_holm": 5.0704881527918744e-05,
        "p_bh": 5.0704881527918744e-05
      }
    },
    "placebos": {
      "70": {
        "p_raw": 0.015987825349007334,
        "p_holm": 0.03197565069801467,
        "p_bh": 0.021317100465343113
      },
      "88": {
        "p_raw": 3.5155964805966278e-09,
        "p_holm": 1.0546789441789883e-08,
        "p_bh": 7.0311929611932555e-09
      },
      "99": {
        "p_raw": 3.200306686323984e-11,
        "p_holm": 1.2801226745295935e-10,
        "p_bh": 1.2801226745295935e-10
      },
      "112": {
        "p_raw": 0.41542641974345385,
        "p_holm": 0.41542641974345385,
        "p_bh": 0.41542641974345385
      }
    },
    "all_limits_reject_holm": true,
    "all_limits_reject_bh": true,
    "placebo_false_positives_bunching_dir": []
  },
  "spike_width": {
    "83": {
      "n_within_2kg_below": 84980,
      "share_in_innermost_0.5kg": 0.206
    },
    "91": {
      "n_within_2kg_below": 43144,
      "share_in_innermost_0.5kg": 0.244
    }
  },
  "subgroups_at_83": {
    "tested": {
      "log_ratio": 1.931,
      "ratio": 6.9,
      "n": 1050358
    },
    "untested": {
      "log_ratio": -0.302,
      "ratio": 0.74,
      "n": 124743
    },
    "raw": {
      "log_ratio": 2.137,
      "ratio": 8.47,
      "n": 633570
    },
    "equipped": {
      "log_ratio": 1.51,
      "ratio": 4.53,
      "n": 541531
    }
  }
}