{
  "n_rows_men_ipf": 1186976,
  "n_per_lifter": 348555,
  "effect_sizes": {
    "59": {
      "below": 8262,
      "above": 3074,
      "log_ratio": 0.989,
      "ci_half": 0.041,
      "ratio": 2.69,
      "is_limit": true
    },
    "66": {
      "below": 13303,
      "above": 4105,
      "log_ratio": 1.176,
      "ci_half": 0.035,
      "ratio": 3.24,
      "is_limit": true
    },
    "74": {
      "below": 21516,
      "above": 7946,
      "log_ratio": 0.996,
      "ci_half": 0.026,
      "ratio": 2.71,
      "is_limit": true
    },
    "83": {
      "below": 17538,
      "above": 2564,
      "log_ratio": 1.923,
      "ci_half": 0.041,
      "ratio": 6.84,
      "is_limit": true
    },
    "93": {
      "below": 14161,
      "above": 2711,
      "log_ratio": 1.653,
      "ci_half": 0.041,
      "ratio": 5.22,
      "is_limit": true
    },
    "105": {
      "below": 7948,
      "above": 2459,
      "log_ratio": 1.173,
      "ci_half": 0.045,
      "ratio": 3.23,
      "is_limit": true
    },
    "120": {
      "below": 3368,
      "above": 1611,
      "log_ratio": 0.737,
      "ci_half": 0.059,
      "ratio": 2.09,
      "is_limit": true
    },
    "91": {
      "below": 10516,
      "above": 12934,
      "log_ratio": -0.207,
      "ci_half": 0.026,
      "ratio": 0.81,
      "is_limit": false
    },
    "83_pure_kg": {
      "log_ratio": 1.801,
      "ci_half": 0.082,
      "ratio": 6.05,
      "n_per_lifter": 198740
    },
    "83_ipf_usapl_only": {
      "log_ratio": 1.664,
      "ci_half": 0.092,
      "ratio": 5.28,
      "n_rows": 275660
    }
  },
  "formal_mccrary": {
    "59": {
      "t": -6.922400993767568,
      "p": 4.440448009290776e-12,
      "f_left": 0.06182293799975909,
      "f_right": 0.014956273252759082,
      "f_diff": -0.046866664747000006,
      "n_window": 56301,
      "kind": "limit"
    },
    "66": {
      "t": -15.689223764900479,
      "p": 0.0,
      "f_left": 0.11113866783533907,
      "f_right": 0.02469125957661575,
      "f_diff": -0.08644740825872332,
      "n_window": 77358,
      "kind": "limit"
    },
    "74": {
      "t": -14.316723980664262,
      "p": 0.0,
      "f_left": 0.09935985611318887,
      "f_right": 0.035456156506659196,
      "f_diff": -0.06390369960652967,
      "n_window": 105130,
      "kind": "limit"
    },
    "83": {
      "t": -10.988244919010754,
      "p": 0.0,
      "f_left": 0.04939689307856582,
      "f_right": 0.01417117890348443,
      "f_diff": -0.035225714175081385,
      "n_window": 121929,
      "kind": "limit"
    },
    "93": {
      "t": -12.474575776744075,
      "p": 0.0,
      "f_left": 0.05195267096847146,
      "f_right": 0.015285267566197218,
      "f_diff": -0.03666740340227424,
      "n_window": 111447,
      "kind": "limit"
    },
    "105": {
      "t": -8.114904796732691,
      "p": 4.440892098500626e-16,
      "f_left": 0.040613637097881614,
      "f_right": 0.017291710629413926,
      "f_diff": -0.023321926468467688,
      "n_window": 67974,
      "kind": "limit"
    },
    "120": {
      "t": -1.6200855763917645,
      "p": 0.10521389533398562,
      "f_left": 0.037480573270399026,
      "f_right": 0.030226528619261665,
      "f_diff": -0.0072540446511373605,
      "n_window": 22081,
      "kind": "limit"
    },
    "91": {
      "t": 4.016800195516045,
      "p": 5.8993700974063756e-05,
      "f_left": 0.08312217619627599,
      "f_right": 0.10367085733734344,
      "f_diff": 0.02054868114106745,
      "n_window": 113126,
      "kind": "control"
    },
    "70": {
      "t": 2.0151982350828876,
      "p": 0.0438838823899137,
      "f_left": 0.0112524121406631,
      "f_right": 0.019240136416831335,
      "f_diff": 0.007987724276168234,
      "n_window": 98881,
      "kind": "placebo"
    },
    "88": {
      "t": 5.608231642283647,
      "p": 2.0440433123880553e-08,
      "f_left": 0.01856418513074496,
      "f_right": 0.04665408106496756,
      "f_diff": 0.0280898959342226,
      "n_window": 118248,
      "kind": "placebo"
    },
    "99": {
      "t": 7.231657653204475,
      "p": 4.771738559838923e-13,
      "f_left": 0.017800425937789154,
      "f_right": 0.054258674913892704,
      "f_diff": 0.03645824897610355,
      "n_window": 80548,
      "kind": "placebo"
    },
    "112": {
      "t": -0.3910197119513853,
      "p": 0.695782665496812,
      "f_left": 0.026107409102442868,
      "f_right": 0.02451114757657018,
      "f_diff": -0.0015962615258726873,
      "n_window": 43977,
      "kind": "placebo"
    }
  },
  "multiple_testing": {
    "limits": {
      "59": {
        "p_raw": 4.440448009290776e-12,
        "p_holm": 8.880896018581552e-12,
        "p_bh": 5.1805226775059054e-12
      },
      "66": {
        "p_raw": 0.0,
        "p_holm": 0.0,
        "p_bh": 0.0
      },
      "74": {
        "p_raw": 0.0,
        "p_holm": 0.0,
        "p_bh": 0.0
      },
      "83": {
        "p_raw": 0.0,
        "p_holm": 0.0,
        "p_bh": 0.0
      },
      "93": {
        "p_raw": 0.0,
        "p_holm": 0.0,
        "p_bh": 0.0
      },
      "105": {
        "p_raw": 4.440892098500626e-16,
        "p_holm": 1.3322676295501878e-15,
        "p_bh": 6.217248937900876e-16
      },
      "120": {
        "p_raw": 0.10521389533398562,
        "p_holm": 0.10521389533398562,
        "p_bh": 0.10521389533398562
      }
    },
    "placebos": {
      "70": {
        "p_raw": 0.0438838823899137,
        "p_holm": 0.0877677647798274,
        "p_bh": 0.058511843186551594
      },
      "88": {
        "p_raw": 2.0440433123880553e-08,
        "p_holm": 6.132129937164166e-08,
        "p_bh": 4.0880866247761105e-08
      },
      "99": {
        "p_raw": 4.771738559838923e-13,
        "p_holm": 1.908695423935569e-12,
        "p_bh": 1.908695423935569e-12
      },
      "112": {
        "p_raw": 0.695782665496812,
        "p_holm": 0.695782665496812,
        "p_bh": 0.695782665496812
      }
    },
    "all_limits_reject_holm": false,
    "all_limits_reject_bh": false,
    "placebo_false_positives_bunching_dir": []
  },
  "spike_width": {
    "83": {
      "n_within_2kg_below": 84980,
      "share_in_innermost_0.5kg": 0.206
    },
    "91": {
      "n_within_2kg_below": 43144,
      "share_in_innermost_0.5kg": 0.244
    }
  },
  "subgroups_at_83": {
    "tested": {
      "log_ratio": 1.931,
      "ratio": 6.9,
      "n": 1050358
    },
    "untested": {
      "log_ratio": -0.302,
      "ratio": 0.74,
      "n": 124743
    },
    "raw": {
      "log_ratio": 2.137,
      "ratio": 8.47,
      "n": 633570
    },
    "equipped": {
      "log_ratio": 1.51,
      "ratio": 4.53,
      "n": 541531
    }
  }
}